state,city,common_name,count
California,Anaheim,American sweetgum,1433
California,Anaheim,Bottle tree,416
California,Anaheim,Brisbane box,1609
California,Anaheim,California sycamore,634
California,Anaheim,Camphor tree,2567
California,Anaheim,Canary island date palm,284
California,Anaheim,Canary island pine,2317
California,Anaheim,Carob,58
California,Anaheim,Carrotwood,1318
California,Anaheim,Chinese elm,852
California,Anaheim,Chinese pistache,1123
California,Anaheim,Crape myrtle,3320
California,Anaheim,Eucalyptus,283
California,Anaheim,Evergreen pear,306
California,Anaheim,Indian laurel fig,208
California,Anaheim,Italian cypress,93
California,Anaheim,Jacaranda,1676
California,Anaheim,London plane,1225
California,Anaheim,Mexican fan palm,4379
California,Anaheim,Modesto ash,88
California,Anaheim,Ornamental pear,254
California,Anaheim,Pine,3
California,Anaheim,Queen palm,1706
California,Anaheim,Southern magnolia,4568
California,Anaheim,Vacant site,22601
California,Anaheim,Victorian box,79
California,Fresno,Camphor tree,153
California,Fresno,Chinese elm,444
California,Fresno,Chinese pistache,713
California,Fresno,Evergreen pear,3
California,Fresno,Italian cypress,198
California,Fresno,London planetree,294
California,Garden Grove,American sweetgum,335
California,Garden Grove,Bottle tree,8
California,Garden Grove,Brisbane box,1643
California,Garden Grove,California sycamore,105
California,Garden Grove,Camphor tree,98
California,Garden Grove,Canary island date palm,39
California,Garden Grove,Canary island pine,1049
California,Garden Grove,Carob,30
California,Garden Grove,Carrotwood,1438
California,Garden Grove,Chinese elm,592
California,Garden Grove,Chinese pistache,11
California,Garden Grove,Crape myrtle,2355
California,Garden Grove,Eucalyptus,1
California,Garden Grove,Evergreen pear,710
California,Garden Grove,Indian laurel fig,95
California,Garden Grove,Italian cypress,62
California,Garden Grove,Jacaranda,668
California,Garden Grove,London plane,593
California,Garden Grove,Mexican fan palm,595
California,Garden Grove,Modesto ash,14
California,Garden Grove,Ornamental pear,465
California,Garden Grove,Queen palm,897
California,Garden Grove,Southern magnolia,695
California,Garden Grove,Victorian box,40
California,Huntington Beach,American sweetgum,170
California,Huntington Beach,Bottle tree,51
California,Huntington Beach,Brisbane box,1453
California,Huntington Beach,California sycamore,516
California,Huntington Beach,Camphor tree,304
California,Huntington Beach,Canary island date palm,328
California,Huntington Beach,Canary island pine,1352
California,Huntington Beach,Carob,23
California,Huntington Beach,Carrotwood,1431
California,Huntington Beach,Chinese elm,82
California,Huntington Beach,Chinese pistache,67
California,Huntington Beach,Crape myrtle,3813
California,Huntington Beach,Eucalyptus,3
California,Huntington Beach,Evergreen pear,730
California,Huntington Beach,Indian laurel fig,141
California,Huntington Beach,Italian cypress,55
California,Huntington Beach,Jacaranda,199
California,Huntington Beach,London plane,480
California,Huntington Beach,Mexican fan palm,4037
California,Huntington Beach,Modesto ash,13
California,Huntington Beach,Ornamental pear,1027
California,Huntington Beach,Pine,9
California,Huntington Beach,Queen palm,4681
California,Huntington Beach,Southern magnolia,299
California,Huntington Beach,Vacant site,9966
California,Huntington Beach,Victorian box,114
California,Irvine,Brisbane box,3810
California,Irvine,California sycamore,2887
California,Irvine,Camphor tree,1333
California,Irvine,Canary island pine,4578
California,Irvine,Carrotwood,1244
California,Irvine,Chinese elm,690
California,Irvine,Evergreen pear,276
California,Irvine,Italian cypress,440
California,Irvine,Jacaranda,2063
California,Irvine,London planetree,1195
California,Irvine,Mexican fan palm,542
California,Irvine,Queen palm,14
California,Irvine,Southern magnolia,530
California,Los Angeles,American sweetgum,30056
California,Los Angeles,Bottle tree,5159
California,Los Angeles,Brisbane box,2892
California,Los Angeles,California sycamore,4419
California,Los Angeles,Camphor tree,15850
California,Los Angeles,Canary island date palm,9444
California,Los Angeles,Canary island pine,11609
California,Los Angeles,Carob,10484
California,Los Angeles,Carrotwood,11715
California,Los Angeles,Chinese elm,6839
California,Los Angeles,Chinese pistache,1012
California,Los Angeles,Crape myrtle,34729
California,Los Angeles,Evergreen pear,9725
California,Los Angeles,Indian laurel fig,28803
California,Los Angeles,Italian cypress,14078
California,Los Angeles,Jacaranda,20365
California,Los Angeles,London plane,17477
California,Los Angeles,Mexican fan palm,37971
California,Los Angeles,Modesto ash,8695
California,Los Angeles,Ornamental pear,3448
California,Los Angeles,Queen palm,10696
California,Los Angeles,Southern magnolia,30988
California,Los Angeles,Victorian box,7693
California,Ontario,American sweetgum,4391
California,Ontario,Bottle tree,868
California,Ontario,Brisbane box,1035
California,Ontario,California sycamore,435
California,Ontario,Camphor tree,3900
California,Ontario,Canary island date palm,727
California,Ontario,Canary island pine,3307
California,Ontario,Carob,139
California,Ontario,Carrotwood,1108
California,Ontario,Chinese elm,1163
California,Ontario,Chinese pistache,1343
California,Ontario,Crape myrtle,4630
California,Ontario,Eucalyptus,1
California,Ontario,Evergreen pear,674
California,Ontario,Indian laurel fig,239
California,Ontario,Italian cypress,269
California,Ontario,Jacaranda,1149
California,Ontario,London plane,3067
California,Ontario,Mexican fan palm,1584
California,Ontario,Modesto ash,171
California,Ontario,Ornamental pear,2793
California,Ontario,Queen palm,2109
California,Ontario,Southern magnolia,935
California,Ontario,Victorian box,62
California,Rancho Cucamonga,Bottle tree,3961
California,Rancho Cucamonga,Carob,12
California,Rancho Cucamonga,Carrotwood,1069
California,Rancho Cucamonga,Chinese pistache,3217
California,Rancho Cucamonga,Crape myrtle,12877
California,Rancho Cucamonga,Eucalyptus,5595
California,Rancho Cucamonga,Jacaranda,734
California,Rancho Cucamonga,Pine,6104
California,Sacramento,Camphor tree,773
California,Sacramento,Canary island date palm,965
California,Sacramento,Chinese elm,4047
California,Sacramento,Chinese pistache,4580
California,Sacramento,Evergreen pear,346
California,Sacramento,Italian cypress,1267
California,Sacramento,London planetree,14111
California,Sacramento,Mexican fan palm,1535
California,Sacramento,Modesto ash,2275
California,Sacramento,Pine,1461
California,Sacramento,Southern magnolia,1151
California,San Diego,Bottle tree,1067
California,San Diego,Brisbane box,7591
California,San Diego,California sycamore,7330
California,San Diego,Camphor tree,2267
California,San Diego,Canary island date palm,1642
California,San Diego,Canary island pine,469
California,San Diego,Carob,1048
California,San Diego,Carrot wood,13608
California,San Diego,Chinese elm,1349
California,San Diego,Chinese pistache,115
California,San Diego,Crape myrtle,2207
California,San Diego,Eucalyptus,12008
California,San Diego,Evergreen pear,2210
California,San Diego,Indian laurel fig,1333
California,San Diego,Italian cypress,5501
California,San Diego,Jacaranda,9831
California,San Diego,London plane,1907
California,San Diego,Mexican fan palm,11586
California,San Diego,Pine,12677
California,San Diego,Queen palm,22624
California,San Diego,Sweet gum,10323
California,San Diego,Victorian box,791
California,San Francisco,Bottle tree,14
California,San Francisco,Brisbane box,8236
California,San Francisco,California sycamore,73
California,San Francisco,Camphor tree,141
California,San Francisco,Canary island date palm,884
California,San Francisco,Canary island pine,350
California,San Francisco,Carob,855
California,San Francisco,Carrotwood,246
California,San Francisco,Chinese elm,2326
California,San Francisco,Chinese pistache,412
California,San Francisco,Crape myrtle,99
California,San Francisco,Eucalyptus,549
California,San Francisco,Evergreen pear,1910
California,San Francisco,Italian cypress,174
California,San Francisco,Jacaranda,1118
California,San Francisco,Mexican fan palm,967
California,San Francisco,Modesto ash,3
California,San Francisco,Ornamental pear,2978
California,San Francisco,Pine,253
California,San Francisco,Queen palm,978
California,San Francisco,Southern magnolia,6219
California,San Francisco,Sycamore london plane,11383
California,San Francisco,Victorian box,6922
California,Santa Rosa,Pine,24
California,Stockton,American sweetgum,4110
California,Stockton,Bottle tree,60
California,Stockton,Brisbane box,1
California,Stockton,Camphor tree,1670
California,Stockton,Canary island pine,779
California,Stockton,Carob,169
California,Stockton,Carrotwood,1
California,Stockton,Chinese elm,353
California,Stockton,Chinese pistache,11392
California,Stockton,Crape myrtle,7368
California,Stockton,Eucalyptus,50
California,Stockton,Evergreen pear,1023
California,Stockton,Italian cypress,1089
California,Stockton,Jacaranda,8
California,Stockton,Mexican fan palm,780
California,Stockton,Modesto ash,4435
California,Stockton,Ornamental pear,5296
California,Stockton,Pine,194
California,Stockton,Queen palm,743
California,Stockton,Southern magnolia,3762
Colorado,Aurora,American elm,612
Colorado,Aurora,American linden,1562
Colorado,Aurora,Austrian pine,1517
Colorado,Aurora,Blue spruce,1205
Colorado,Aurora,Bur oak,296
Colorado,Aurora,English oak,601
Colorado,Aurora,Green ash,5465
Colorado,Aurora,Hackberry,2463
Colorado,Aurora,Honeylocust,8388
Colorado,Aurora,Linden,6107
Colorado,Aurora,Littleleaf linden,117
Colorado,Aurora,Northern red oak,536
Colorado,Aurora,Norway maple,4614
Colorado,Aurora,Plains cottonwood,1068
Colorado,Aurora,Ponderosa pine,805
Colorado,Aurora,Rocky mountain juniper,248
Colorado,Aurora,Siberian elm,1324
Colorado,Aurora,Silver maple,3433
Colorado,Aurora,Swamp white oak,317
Colorado,Aurora,Western catalpa,254
Colorado,Aurora,White ash,763
Colorado,Colorado Springs,American elm,679
Colorado,Colorado Springs,American linden,48
Colorado,Colorado Springs,Austrian pine,333
Colorado,Colorado Springs,Blue spruce,886
Colorado,Colorado Springs,Bur oak,202
Colorado,Colorado Springs,English oak,50
Colorado,Colorado Springs,Freeman maple,30
Colorado,Colorado Springs,Green ash,1840
Colorado,Colorado Springs,Hackberry,189
Colorado,Colorado Springs,Honeylocust,553
Colorado,Colorado Springs,Kentucky coffeetree,71
Colorado,Colorado Springs,Linden,118
Colorado,Colorado Springs,Littleleaf linden,193
Colorado,Colorado Springs,Northern hackberry,130
Colorado,Colorado Springs,Northern red oak,355
Colorado,Colorado Springs,Norway maple,488
Colorado,Colorado Springs,Plains cottonwood,56
Colorado,Colorado Springs,Ponderosa pine,1924
Colorado,Colorado Springs,Quaking aspen,41
Colorado,Colorado Springs,Red maple,33
Colorado,Colorado Springs,Rocky mountain juniper,81
Colorado,Colorado Springs,Siberian elm,838
Colorado,Colorado Springs,Silver maple,952
Colorado,Colorado Springs,Swamp white oak,174
Colorado,Colorado Springs,White ash,163
Colorado,Denver,American elm,4275
Colorado,Denver,American linden,5328
Colorado,Denver,Austrian pine,7302
Colorado,Denver,Blue spruce,7592
Colorado,Denver,Bur oak,5102
Colorado,Denver,Eastern cottonwood,2593
Colorado,Denver,English oak,2613
Colorado,Denver,Flowering crabapple,9240
Colorado,Denver,Flowering pear,7103
Colorado,Denver,Freeman maple,9780
Colorado,Denver,Green ash,25736
Colorado,Denver,Honey locust,23565
Colorado,Denver,Kentucky coffeetree,3540
Colorado,Denver,Littleleaf linden,12961
Colorado,Denver,Northern hackberry,9060
Colorado,Denver,Northern red oak,4846
Colorado,Denver,Norway maple,7945
Colorado,Denver,Plains cottonwood,2657
Colorado,Denver,Ponderosa pine,7063
Colorado,Denver,Quaking aspen,3483
Colorado,Denver,Red maple,3084
Colorado,Denver,Rocky mountain juniper,3010
Colorado,Denver,Siberian elm,10671
Colorado,Denver,Silver maple,12735
Colorado,Denver,Swamp white oak,4830
Colorado,Denver,Western catalpa,2962
Colorado,Denver,White ash,11922
Florida,Cape Coral,Bald cypress,1724
Florida,Cape Coral,Bottlebrush,180
Florida,Cape Coral,Cabbage palm,6632
Florida,Cape Coral,Crape myrtle,503
Florida,Cape Coral,Dahoon holly,622
Florida,Cape Coral,Florida royal palm,743
Florida,Cape Coral,Foxtail palm,533
Florida,Cape Coral,Japanese privet,434
Florida,Cape Coral,Laurel oak,903
Florida,Cape Coral,Live oak,5727
Florida,Cape Coral,Mahogany,2269
Florida,Cape Coral,Queen palm,817
Florida,Cape Coral,Red maple,138
Florida,Cape Coral,Slash pine,3298
Florida,Cape Coral,Southern magnolia,122
Florida,Cape Coral,Southern red cedar,514
Florida,Cape Coral,Water oak,431
Florida,Lutz,Live oak,1
Florida,Miami,Bald cypress,1
Florida,Miami,Cabbage palmetto,41
Florida,Miami,Foxtail palm,3
Florida,Miami,Laurel oak,1
Florida,Miami,Red maple,1
Florida,Miami,Slash pine,46
Florida,Miami,Southern magnolia,1
Florida,Orlando,Cabbage palmetto,2855
Florida,Orlando,Camphor tree,879
Florida,Orlando,Carolina laurelcherry,519
Florida,Orlando,Chinese elm,2609
Florida,Orlando,Common crapemyrtle,14988
Florida,Orlando,Foxtail palm,48
Florida,Orlando,Holly,1693
Florida,Orlando,Japanese privet,620
Florida,Orlando,Laurel oak,10620
Florida,Orlando,Live oak,17126
Florida,Orlando,Mahogany,3
Florida,Orlando,Mexican fan palm,1384
Florida,Orlando,Oriental arborvitae,470
Florida,Orlando,Queen palm,817
Florida,Orlando,Red maple,1814
Florida,Orlando,Sand live oak,77
Florida,Orlando,Shumard oak,1404
Florida,Orlando,Slash pine,945
Florida,Orlando,Southern magnolia,1952
Florida,Orlando,Water oak,168
Florida,Seffner,Chinese elm,1
Florida,Seffner,Diamond oak laurel oak,4
Florida,Seffner,Live oak,3
Florida,Seffner,Water oak,4
Florida,Tampa,Bottlebrush,556
Florida,Tampa,Cabbage palm,1381
Florida,Tampa,Carolina laurelcherry,855
Florida,Tampa,Chinese elm,414
Florida,Tampa,Crapemyrtle,2851
Florida,Tampa,Diamond oak laurel oak,1099
Florida,Tampa,Florida royal palm,6
Florida,Tampa,Foxtail palm,22
Florida,Tampa,Japanese privet,149
Florida,Tampa,Live oak,5379
Florida,Tampa,Oriental arborvitae,58
Florida,Tampa,Queen palm,225
Florida,Tampa,Red maple,309
Florida,Tampa,Sand live oak,3248
Florida,Tampa,Slash pine,1236
Florida,Tampa,Southern magnolia,336
Florida,Tampa,Washington fan palm,1007
Florida,Tampa,Water oak,27
Florida,Temple Terrace,Sand live oak,3
Hawaii,Ahuimanu,Myrtle crape,7
Hawaii,Ahuimanu,Plumeria,1
Hawaii,Ahuimanu,Royal poinciana,5
Hawaii,Aiea,Monkeypod,1
Hawaii,Heeia,Myrtle crape,1
Hawaii,Honolulu,African tulip tree,94
Hawaii,Honolulu,Autograph tree,74
Hawaii,Honolulu,Chinese banyan,179
Hawaii,Honolulu,Coconut palm,635
Hawaii,Honolulu,False olive,163
Hawaii,Honolulu,Fern tree,21
Hawaii,Honolulu,Fiji fan palm,186
Hawaii,Honolulu,Formosan koa,332
Hawaii,Honolulu,Golden shower,151
Hawaii,Honolulu,Haole kou,82
Hawaii,Honolulu,Hong kong orchid tree,51
Hawaii,Honolulu,Ironwood,88
Hawaii,Honolulu,Kamani,22
Hawaii,Honolulu,Kou,87
Hawaii,Honolulu,Kukui,89
Hawaii,Honolulu,Manila palm,243
Hawaii,Honolulu,Milo,159
Hawaii,Honolulu,Monkeypod,718
Hawaii,Honolulu,Myrtle crape,3
Hawaii,Honolulu,Narra,131
Hawaii,Honolulu,Paperbark,65
Hawaii,Honolulu,Paraguay tea,11
Hawaii,Honolulu,Pink tecoma,421
Hawaii,Honolulu,Plumeria,142
Hawaii,Honolulu,Rainbow shower,576
Hawaii,Honolulu,Royal poinciana,155
Hawaii,Honolulu,Satinleaf,80
Hawaii,Honolulu,Silver buttonwood,33
Hawaii,Honolulu,West indian mahogany,144
Hawaii,Honolulu,White tecoma,161
Hawaii,Kailua,African tulip tree,11
Hawaii,Kailua,Autograph tree,60
Hawaii,Kailua,Chinese banyan,10
Hawaii,Kailua,Coconut palm,981
Hawaii,Kailua,False olive,35
Hawaii,Kailua,Fern tree,178
Hawaii,Kailua,Fiji fan palm,62
Hawaii,Kailua,Formosan koa,5
Hawaii,Kailua,Golden shower,52
Hawaii,Kailua,Haole kou,170
Hawaii,Kailua,Hong kong orchid tree,41
Hawaii,Kailua,Ironwood,320
Hawaii,Kailua,Kamani,124
Hawaii,Kailua,Kou,93
Hawaii,Kailua,Kukui,49
Hawaii,Kailua,Manila palm,983
Hawaii,Kailua,Milo,14
Hawaii,Kailua,Monkeypod,79
Hawaii,Kailua,Myrtle crape,14
Hawaii,Kailua,Narra,46
Hawaii,Kailua,Paperbark,40
Hawaii,Kailua,Paraguay tea,119
Hawaii,Kailua,Pink tecoma,373
Hawaii,Kailua,Plumeria,74
Hawaii,Kailua,Rainbow shower,219
Hawaii,Kailua,Royal poinciana,57
Hawaii,Kailua,Satinleaf,51
Hawaii,Kailua,Silver buttonwood,251
Hawaii,Kailua,West indian mahogany,1
Hawaii,Kailua,White tecoma,86
Hawaii,Kaneohe,African tulip tree,24
Hawaii,Kaneohe,Autograph tree,1
Hawaii,Kaneohe,Chinese banyan,22
Hawaii,Kaneohe,Coconut palm,104
Hawaii,Kaneohe,False olive,29
Hawaii,Kaneohe,Fern tree,77
Hawaii,Kaneohe,Fiji fan palm,14
Hawaii,Kaneohe,Formosan koa,20
Hawaii,Kaneohe,Golden shower,27
Hawaii,Kaneohe,Haole kou,5
Hawaii,Kaneohe,Hong kong orchid tree,21
Hawaii,Kaneohe,Ironwood,1
Hawaii,Kaneohe,Kamani,11
Hawaii,Kaneohe,Kou,8
Hawaii,Kaneohe,Kukui,20
Hawaii,Kaneohe,Manila palm,297
Hawaii,Kaneohe,Milo,20
Hawaii,Kaneohe,Monkeypod,47
Hawaii,Kaneohe,Myrtle crape,129
Hawaii,Kaneohe,Paperbark,60
Hawaii,Kaneohe,Paraguay tea,11
Hawaii,Kaneohe,Pink tecoma,145
Hawaii,Kaneohe,Plumeria,26
Hawaii,Kaneohe,Rainbow shower,154
Hawaii,Kaneohe,Royal poinciana,14
Hawaii,Kaneohe,Satinleaf,71
Hawaii,Kaneohe,Silver buttonwood,64
Hawaii,Kaneohe,White tecoma,40
Hawaii,Waipahu,Golden shower,2
Hawaii,Waipahu,Rainbow shower,27
Iowa,Adair,American basswood,9
Iowa,Adair,Apple,16
Iowa,Adair,Black walnut,16
Iowa,Adair,Blue spruce,22
Iowa,Adair,Bur oak,2
Iowa,Adair,Eastern red cedar,3
Iowa,Adair,Green ash,53
Iowa,Adair,Honeylocust,4
Iowa,Adair,Littleleaf linden,4
Iowa,Adair,Maple,14
Iowa,Adair,Mulberry,5
Iowa,Adair,Northern hackberry,3
Iowa,Adair,Northern red oak,3
Iowa,Adair,Norway maple,27
Iowa,Adair,Siberian elm,4
Iowa,Adair,Silver maple,72
Iowa,Adair,Spruce,4
Iowa,Adair,Sugar maple,16
Iowa,Adel,American basswood,6
Iowa,Adel,American sycamore,4
Iowa,Adel,Apple,57
Iowa,Adel,Black maple,40
Iowa,Adel,Black walnut,11
Iowa,Adel,Blue spruce,2
Iowa,Adel,Bur oak,2
Iowa,Adel,Eastern red cedar,4
Iowa,Adel,Green ash,97
Iowa,Adel,Honeylocust,12
Iowa,Adel,Littleleaf linden,14
Iowa,Adel,Maple,1
Iowa,Adel,Northern hackberry,13
Iowa,Adel,Northern red oak,11
Iowa,Adel,Norway maple,37
Iowa,Adel,Pear,39
Iowa,Adel,Pin oak,8
Iowa,Adel,Red maple,7
Iowa,Adel,Siberian elm,16
Iowa,Adel,Silver maple,89
Iowa,Adel,Sugar maple,29
Iowa,Adel,Swamp white oak,14
Iowa,Adel,White ash,2
Iowa,Baxter,Apple,4
Iowa,Baxter,Ash,1
Iowa,Baxter,Blue spruce,11
Iowa,Baxter,Bur oak,2
Iowa,Baxter,Eastern red cedar,13
Iowa,Baxter,Eastern white pine,3
Iowa,Baxter,Green ash,5
Iowa,Baxter,Honeylocust,1
Iowa,Baxter,Mulberry,2
Iowa,Baxter,Northern hackberry,4
Iowa,Baxter,Northern red oak,10
Iowa,Baxter,Northern white cedar,7
Iowa,Baxter,Norway maple,4
Iowa,Baxter,Pear,1
Iowa,Baxter,Pin oak,2
Iowa,Baxter,Red maple,8
Iowa,Baxter,Silver maple,18
Iowa,Baxter,Spruce,1
Iowa,Baxter,Sugar maple,146
Iowa,Baxter,Swamp white oak,2
Iowa,Baxter,White ash,1
Iowa,Bayard,American basswood,3
Iowa,Bayard,American sycamore,2
Iowa,Bayard,Black walnut,3
Iowa,Bayard,Green ash,13
Iowa,Bayard,Honeylocust,3
Iowa,Bayard,Northern hackberry,4
Iowa,Bayard,Norway maple,9
Iowa,Bayard,Siberian elm,2
Iowa,Bayard,Silver maple,12
Iowa,Bayard,Sugar maple,11
Iowa,Bondurant,American sycamore,13
Iowa,Bondurant,Apple,61
Iowa,Bondurant,Black maple,5
Iowa,Bondurant,Black walnut,6
Iowa,Bondurant,Blue spruce,12
Iowa,Bondurant,Bur oak,5
Iowa,Bondurant,Chinese elm,1
Iowa,Bondurant,Eastern red cedar,3
Iowa,Bondurant,Eastern white pine,5
Iowa,Bondurant,Green ash,40
Iowa,Bondurant,Honeylocust,6
Iowa,Bondurant,Littleleaf linden,6
Iowa,Bondurant,Maple,8
Iowa,Bondurant,Mulberry,3
Iowa,Bondurant,Northern hackberry,9
Iowa,Bondurant,Northern red oak,6
Iowa,Bondurant,Northern white cedar,15
Iowa,Bondurant,Norway maple,13
Iowa,Bondurant,Pear,17
Iowa,Bondurant,Pin oak,1
Iowa,Bondurant,Red maple,15
Iowa,Bondurant,Siberian elm,3
Iowa,Bondurant,Silver maple,34
Iowa,Bondurant,Spruce,21
Iowa,Bondurant,Sugar maple,20
Iowa,Bondurant,Swamp white oak,21
Iowa,Bondurant,White ash,9
Iowa,Bouton,American sycamore,1
Iowa,Bouton,Apple,2
Iowa,Bouton,Black maple,4
Iowa,Bouton,Black walnut,3
Iowa,Bouton,Blue spruce,1
Iowa,Bouton,Chinese elm,2
Iowa,Bouton,Eastern red cedar,1
Iowa,Bouton,Green ash,49
Iowa,Bouton,Honeylocust,6
Iowa,Bouton,Mulberry,3
Iowa,Bouton,Northern hackberry,18
Iowa,Bouton,Northern red oak,3
Iowa,Bouton,Northern white cedar,3
Iowa,Bouton,Norway maple,5
Iowa,Bouton,Silver maple,27
Iowa,Bouton,Spruce,2
Iowa,Bouton,White ash,4
Iowa,Carlisle,American basswood,15
Iowa,Carlisle,American sycamore,2
Iowa,Carlisle,Apple,24
Iowa,Carlisle,Ash,54
Iowa,Carlisle,Black maple,4
Iowa,Carlisle,Black walnut,53
Iowa,Carlisle,Blue spruce,2
Iowa,Carlisle,Bur oak,21
Iowa,Carlisle,Eastern red cedar,2
Iowa,Carlisle,Eastern white pine,43
Iowa,Carlisle,Hickory,3
Iowa,Carlisle,Honeylocust,8
Iowa,Carlisle,Littleleaf linden,8
Iowa,Carlisle,Mulberry,7
Iowa,Carlisle,Northern hackberry,64
Iowa,Carlisle,Northern red oak,51
Iowa,Carlisle,Northern white cedar,1
Iowa,Carlisle,Norway maple,8
Iowa,Carlisle,Pear,1
Iowa,Carlisle,Red maple,13
Iowa,Carlisle,Siberian elm,3
Iowa,Carlisle,Silver maple,33
Iowa,Carlisle,Spruce,1
Iowa,Carlisle,Sugar maple,18
Iowa,Colfax,American sycamore,1
Iowa,Colfax,Apple,11
Iowa,Colfax,Ash,29
Iowa,Colfax,Black maple,4
Iowa,Colfax,Black walnut,7
Iowa,Colfax,Bur oak,3
Iowa,Colfax,Chinese elm,1
Iowa,Colfax,Eastern red cedar,1
Iowa,Colfax,Eastern white pine,4
Iowa,Colfax,Honeylocust,13
Iowa,Colfax,Littleleaf linden,2
Iowa,Colfax,Maple,28
Iowa,Colfax,Mulberry,3
Iowa,Colfax,Northern hackberry,12
Iowa,Colfax,Northern red oak,6
Iowa,Colfax,Northern white cedar,3
Iowa,Colfax,Norway maple,6
Iowa,Colfax,Pear,1
Iowa,Colfax,Pin oak,2
Iowa,Colfax,Red maple,6
Iowa,Colfax,Siberian elm,12
Iowa,Colfax,Silver maple,53
Iowa,Colfax,Spruce,4
Iowa,Colfax,Sugar maple,45
Iowa,Colfax,Swamp white oak,2
Iowa,Coon Rapids,American basswood,13
Iowa,Coon Rapids,American sycamore,2
Iowa,Coon Rapids,Apple,23
Iowa,Coon Rapids,Black maple,8
Iowa,Coon Rapids,Black walnut,16
Iowa,Coon Rapids,Blue spruce,9
Iowa,Coon Rapids,Bur oak,15
Iowa,Coon Rapids,Eastern red cedar,1
Iowa,Coon Rapids,Eastern white pine,3
Iowa,Coon Rapids,Green ash,159
Iowa,Coon Rapids,Hickory,1
Iowa,Coon Rapids,Honeylocust,19
Iowa,Coon Rapids,Littleleaf linden,34
Iowa,Coon Rapids,Maple,14
Iowa,Coon Rapids,Northern hackberry,9
Iowa,Coon Rapids,Northern red oak,40
Iowa,Coon Rapids,Northern white cedar,12
Iowa,Coon Rapids,Norway maple,88
Iowa,Coon Rapids,Pear,14
Iowa,Coon Rapids,Pin oak,5
Iowa,Coon Rapids,Red maple,9
Iowa,Coon Rapids,Siberian elm,1
Iowa,Coon Rapids,Silver maple,65
Iowa,Coon Rapids,Spruce,16
Iowa,Coon Rapids,Sugar maple,26
Iowa,Coon Rapids,Swamp white oak,15
Iowa,Coon Rapids,White ash,9
Iowa,Dallas Center,American basswood,11
Iowa,Dallas Center,American sycamore,8
Iowa,Dallas Center,Apple,41
Iowa,Dallas Center,Black walnut,3
Iowa,Dallas Center,Blue spruce,8
Iowa,Dallas Center,Bur oak,24
Iowa,Dallas Center,Eastern red cedar,3
Iowa,Dallas Center,Eastern white pine,50
Iowa,Dallas Center,Green ash,148
Iowa,Dallas Center,Hickory,4
Iowa,Dallas Center,Honeylocust,15
Iowa,Dallas Center,Littleleaf linden,17
Iowa,Dallas Center,Maple,1
Iowa,Dallas Center,Mulberry,2
Iowa,Dallas Center,Northern hackberry,18
Iowa,Dallas Center,Northern red oak,33
Iowa,Dallas Center,Northern white cedar,13
Iowa,Dallas Center,Norway maple,83
Iowa,Dallas Center,Pear,4
Iowa,Dallas Center,Pin oak,11
Iowa,Dallas Center,Red maple,25
Iowa,Dallas Center,Siberian elm,3
Iowa,Dallas Center,Silver maple,103
Iowa,Dallas Center,Spruce,11
Iowa,Dallas Center,Sugar maple,94
Iowa,Dallas Center,Swamp white oak,18
Iowa,Dallas Center,White ash,11
Iowa,De Soto,American basswood,1
Iowa,De Soto,American sycamore,5
Iowa,De Soto,Apple,4
Iowa,De Soto,Ash,5
Iowa,De Soto,Black walnut,73
Iowa,De Soto,Blue spruce,1
Iowa,De Soto,Bur oak,1
Iowa,De Soto,Eastern red cedar,1
Iowa,De Soto,Green ash,9
Iowa,De Soto,Littleleaf linden,1
Iowa,De Soto,Maple,1
Iowa,De Soto,Mulberry,1
Iowa,De Soto,Northern hackberry,1
Iowa,De Soto,Northern red oak,2
Iowa,De Soto,Norway maple,2
Iowa,De Soto,Siberian elm,12
Iowa,De Soto,Silver maple,6
Iowa,De Soto,Sugar maple,5
Iowa,De Soto,White ash,1
Iowa,Des Moines,Apple,3
Iowa,Dexter,American basswood,5
Iowa,Dexter,American sycamore,1
Iowa,Dexter,Apple,31
Iowa,Dexter,Ash,29
Iowa,Dexter,Black walnut,4
Iowa,Dexter,Green ash,11
Iowa,Dexter,Hickory,1
Iowa,Dexter,Honeylocust,9
Iowa,Dexter,Littleleaf linden,2
Iowa,Dexter,Maple,10
Iowa,Dexter,Northern hackberry,6
Iowa,Dexter,Northern red oak,6
Iowa,Dexter,Norway maple,11
Iowa,Dexter,Pear,3
Iowa,Dexter,Red maple,8
Iowa,Dexter,Silver maple,19
Iowa,Dexter,Spruce,3
Iowa,Dexter,Sugar maple,25
Iowa,Dexter,Swamp white oak,5
Iowa,Earlham,American basswood,1
Iowa,Earlham,American sycamore,1
Iowa,Earlham,Apple,151
Iowa,Earlham,Black walnut,2
Iowa,Earlham,Bur oak,2
Iowa,Earlham,Eastern red cedar,2
Iowa,Earlham,Green ash,54
Iowa,Earlham,Hickory,1
Iowa,Earlham,Honeylocust,2
Iowa,Earlham,Littleleaf linden,1
Iowa,Earlham,Northern hackberry,24
Iowa,Earlham,Northern red oak,18
Iowa,Earlham,Norway maple,25
Iowa,Earlham,Pear,26
Iowa,Earlham,Pin oak,6
Iowa,Earlham,Red maple,35
Iowa,Earlham,Siberian elm,2
Iowa,Earlham,Silver maple,26
Iowa,Earlham,Spruce,3
Iowa,Earlham,Sugar maple,118
Iowa,Earlham,Swamp white oak,10
Iowa,Earlham,White ash,16
Iowa,Elkhart,American basswood,2
Iowa,Elkhart,Apple,12
Iowa,Elkhart,Blue spruce,1
Iowa,Elkhart,Bur oak,16
Iowa,Elkhart,Eastern white pine,3
Iowa,Elkhart,Green ash,17
Iowa,Elkhart,Maple,10
Iowa,Elkhart,Northern hackberry,3
Iowa,Elkhart,Norway maple,4
Iowa,Elkhart,Pin oak,1
Iowa,Elkhart,Silver maple,28
Iowa,Elkhart,Spruce,7
Iowa,Elkhart,Sugar maple,7
Iowa,Granger,American basswood,1
Iowa,Granger,American sycamore,4
Iowa,Granger,Apple,15
Iowa,Granger,Ash,1
Iowa,Granger,Black maple,1
Iowa,Granger,Black walnut,3
Iowa,Granger,Blue spruce,4
Iowa,Granger,Bur oak,6
Iowa,Granger,Eastern red cedar,5
Iowa,Granger,Eastern white pine,5
Iowa,Granger,Green ash,46
Iowa,Granger,Littleleaf linden,2
Iowa,Granger,Maple,2
Iowa,Granger,Mulberry,2
Iowa,Granger,Northern hackberry,7
Iowa,Granger,Northern red oak,11
Iowa,Granger,Norway maple,12
Iowa,Granger,Pear,7
Iowa,Granger,Pin oak,1
Iowa,Granger,Red maple,6
Iowa,Granger,Silver maple,21
Iowa,Granger,Spruce,5
Iowa,Granger,Sugar maple,5
Iowa,Granger,Swamp white oak,9
Iowa,Granger,White ash,6
Iowa,Guthrie Center,American basswood,2
Iowa,Guthrie Center,Apple,6
Iowa,Guthrie Center,Black walnut,8
Iowa,Guthrie Center,Eastern red cedar,3
Iowa,Guthrie Center,Green ash,38
Iowa,Guthrie Center,Hickory,1
Iowa,Guthrie Center,Honeylocust,2
Iowa,Guthrie Center,Littleleaf linden,7
Iowa,Guthrie Center,Northern hackberry,17
Iowa,Guthrie Center,Northern red oak,4
Iowa,Guthrie Center,Norway maple,20
Iowa,Guthrie Center,Pear,2
Iowa,Guthrie Center,Pin oak,11
Iowa,Guthrie Center,Red maple,3
Iowa,Guthrie Center,Siberian elm,2
Iowa,Guthrie Center,Silver maple,27
Iowa,Guthrie Center,Spruce,2
Iowa,Guthrie Center,Sugar maple,68
Iowa,Guthrie Center,White ash,1
Iowa,Hartford,Ash,1
Iowa,Hartford,Black walnut,2
Iowa,Hartford,Blue spruce,2
Iowa,Hartford,Bur oak,2
Iowa,Hartford,Mulberry,2
Iowa,Hartford,Northern hackberry,4
Iowa,Hartford,Northern red oak,1
Iowa,Hartford,Norway maple,2
Iowa,Hartford,Red maple,1
Iowa,Hartford,Siberian elm,2
Iowa,Hartford,Silver maple,4
Iowa,Kellogg,American sycamore,2
Iowa,Kellogg,Black walnut,31
Iowa,Kellogg,Eastern red cedar,3
Iowa,Kellogg,Eastern white pine,1
Iowa,Kellogg,Green ash,16
Iowa,Kellogg,Honeylocust,5
Iowa,Kellogg,Littleleaf linden,1
Iowa,Kellogg,Mulberry,2
Iowa,Kellogg,Northern hackberry,4
Iowa,Kellogg,Northern red oak,1
Iowa,Kellogg,Norway maple,2
Iowa,Kellogg,Pear,1
Iowa,Kellogg,Pin oak,1
Iowa,Kellogg,Red maple,2
Iowa,Kellogg,Siberian elm,3
Iowa,Kellogg,Silver maple,22
Iowa,Kellogg,Spruce,8
Iowa,Kellogg,Sugar maple,8
Iowa,Kellogg,White ash,1
Iowa,Milo,American basswood,3
Iowa,Milo,American sycamore,9
Iowa,Milo,Apple,48
Iowa,Milo,Ash,81
Iowa,Milo,Black maple,3
Iowa,Milo,Black walnut,1
Iowa,Milo,Blue spruce,2
Iowa,Milo,Bur oak,10
Iowa,Milo,Hickory,1
Iowa,Milo,Littleleaf linden,2
Iowa,Milo,Northern hackberry,5
Iowa,Milo,Northern red oak,2
Iowa,Milo,Norway maple,18
Iowa,Milo,Pear,4
Iowa,Milo,Red maple,7
Iowa,Milo,Siberian elm,14
Iowa,Milo,Silver maple,32
Iowa,Milo,Spruce,1
Iowa,Milo,Sugar maple,19
Iowa,Milo,Swamp white oak,2
Iowa,Mitchellville,American sycamore,4
Iowa,Mitchellville,Apple,8
Iowa,Mitchellville,Ash,6
Iowa,Mitchellville,Black maple,5
Iowa,Mitchellville,Black walnut,10
Iowa,Mitchellville,Blue spruce,5
Iowa,Mitchellville,Bur oak,2
Iowa,Mitchellville,Eastern white pine,2
Iowa,Mitchellville,Green ash,26
Iowa,Mitchellville,Honeylocust,4
Iowa,Mitchellville,Littleleaf linden,6
Iowa,Mitchellville,Mulberry,2
Iowa,Mitchellville,Northern hackberry,22
Iowa,Mitchellville,Northern red oak,6
Iowa,Mitchellville,Norway maple,20
Iowa,Mitchellville,Pear,3
Iowa,Mitchellville,Pin oak,4
Iowa,Mitchellville,Red maple,12
Iowa,Mitchellville,Siberian elm,4
Iowa,Mitchellville,Silver maple,51
Iowa,Mitchellville,Sugar maple,18
Iowa,Mitchellville,Swamp white oak,1
Iowa,Mitchellville,White ash,2
Iowa,Monroe,American basswood,3
Iowa,Monroe,American sycamore,7
Iowa,Monroe,Apple,18
Iowa,Monroe,Ash,11
Iowa,Monroe,Black maple,2
Iowa,Monroe,Black walnut,1
Iowa,Monroe,Blue spruce,20
Iowa,Monroe,Bur oak,2
Iowa,Monroe,Eastern red cedar,16
Iowa,Monroe,Eastern white pine,7
Iowa,Monroe,Green ash,17
Iowa,Monroe,Hickory,3
Iowa,Monroe,Honeylocust,7
Iowa,Monroe,Littleleaf linden,4
Iowa,Monroe,Maple,23
Iowa,Monroe,Mulberry,1
Iowa,Monroe,Northern hackberry,25
Iowa,Monroe,Northern red oak,17
Iowa,Monroe,Northern white cedar,7
Iowa,Monroe,Norway maple,5
Iowa,Monroe,Pear,5
Iowa,Monroe,Pin oak,15
Iowa,Monroe,Red maple,23
Iowa,Monroe,Siberian elm,10
Iowa,Monroe,Silver maple,33
Iowa,Monroe,Spruce,5
Iowa,Monroe,Sugar maple,28
Iowa,Newton,American basswood,21
Iowa,Newton,American sycamore,71
Iowa,Newton,Apple,151
Iowa,Newton,Ash,25
Iowa,Newton,Black maple,4
Iowa,Newton,Black walnut,98
Iowa,Newton,Blue spruce,52
Iowa,Newton,Bur oak,426
Iowa,Newton,Chinese elm,97
Iowa,Newton,Eastern red cedar,142
Iowa,Newton,Eastern white pine,198
Iowa,Newton,Green ash,205
Iowa,Newton,Hickory,144
Iowa,Newton,Honeylocust,85
Iowa,Newton,Littleleaf linden,54
Iowa,Newton,Maple,142
Iowa,Newton,Mulberry,4
Iowa,Newton,Northern hackberry,109
Iowa,Newton,Northern red oak,160
Iowa,Newton,Northern white cedar,50
Iowa,Newton,Norway maple,38
Iowa,Newton,Pear,13
Iowa,Newton,Pin oak,102
Iowa,Newton,Red maple,55
Iowa,Newton,Silver maple,61
Iowa,Newton,Spruce,93
Iowa,Newton,Sugar maple,69
Iowa,Newton,Swamp white oak,24
Iowa,Newton,White ash,6
Iowa,Oakland Acres,Eastern white pine,10
Iowa,Oakland Acres,Green ash,4
Iowa,Oakland Acres,Honeylocust,1
Iowa,Oakland Acres,Northern red oak,6
Iowa,Oakland Acres,Pin oak,5
Iowa,Oakland Acres,Red maple,3
Iowa,Oakland Acres,Silver maple,1
Iowa,Oakland Acres,White ash,1
Iowa,Panora,American basswood,5
Iowa,Panora,American sycamore,6
Iowa,Panora,Apple,16
Iowa,Panora,Black walnut,6
Iowa,Panora,Eastern white pine,1
Iowa,Panora,Green ash,45
Iowa,Panora,Littleleaf linden,3
Iowa,Panora,Northern hackberry,3
Iowa,Panora,Northern red oak,2
Iowa,Panora,Norway maple,21
Iowa,Panora,Pear,1
Iowa,Panora,Pin oak,4
Iowa,Panora,Red maple,14
Iowa,Panora,Siberian elm,1
Iowa,Panora,Silver maple,22
Iowa,Panora,Spruce,2
Iowa,Panora,Sugar maple,56
Iowa,Panora,White ash,4
Iowa,Pleasant Hill,American basswood,45
Iowa,Pleasant Hill,American sycamore,20
Iowa,Pleasant Hill,Apple,200
Iowa,Pleasant Hill,Ash,4
Iowa,Pleasant Hill,Black walnut,36
Iowa,Pleasant Hill,Blue spruce,14
Iowa,Pleasant Hill,Bur oak,90
Iowa,Pleasant Hill,Chinese elm,16
Iowa,Pleasant Hill,Eastern red cedar,22
Iowa,Pleasant Hill,Eastern white pine,80
Iowa,Pleasant Hill,Green ash,44
Iowa,Pleasant Hill,Hickory,48
Iowa,Pleasant Hill,Honeylocust,19
Iowa,Pleasant Hill,Littleleaf linden,7
Iowa,Pleasant Hill,Mulberry,1
Iowa,Pleasant Hill,Northern hackberry,168
Iowa,Pleasant Hill,Northern red oak,91
Iowa,Pleasant Hill,Norway maple,19
Iowa,Pleasant Hill,Pear,1
Iowa,Pleasant Hill,Pin oak,15
Iowa,Pleasant Hill,Red maple,30
Iowa,Pleasant Hill,Siberian elm,18
Iowa,Pleasant Hill,Silver maple,26
Iowa,Pleasant Hill,Spruce,9
Iowa,Pleasant Hill,Sugar maple,4
Iowa,Pleasant Hill,Swamp white oak,37
Iowa,Pleasant Hill,White ash,1
Iowa,Polk City,Apple,55
Iowa,Polk City,Black walnut,1
Iowa,Polk City,Bur oak,2
Iowa,Polk City,Green ash,12
Iowa,Polk City,Northern red oak,1
Iowa,Polk City,Norway maple,4
Iowa,Polk City,Pear,21
Iowa,Polk City,Red maple,9
Iowa,Polk City,Siberian elm,1
Iowa,Polk City,Sugar maple,3
Iowa,Polk City,Swamp white oak,6
Iowa,Polk City,White ash,3
Iowa,Prairie City,American basswood,7
Iowa,Prairie City,American sycamore,1
Iowa,Prairie City,Apple,11
Iowa,Prairie City,Ash,18
Iowa,Prairie City,Black maple,3
Iowa,Prairie City,Black walnut,3
Iowa,Prairie City,Blue spruce,2
Iowa,Prairie City,Bur oak,1
Iowa,Prairie City,Eastern red cedar,3
Iowa,Prairie City,Eastern white pine,5
Iowa,Prairie City,Honeylocust,5
Iowa,Prairie City,Maple,9
Iowa,Prairie City,Mulberry,2
Iowa,Prairie City,Northern hackberry,15
Iowa,Prairie City,Northern red oak,4
Iowa,Prairie City,Northern white cedar,29
Iowa,Prairie City,Norway maple,16
Iowa,Prairie City,Pear,10
Iowa,Prairie City,Pin oak,9
Iowa,Prairie City,Red maple,14
Iowa,Prairie City,Siberian elm,2
Iowa,Prairie City,Silver maple,33
Iowa,Prairie City,Spruce,55
Iowa,Prairie City,Sugar maple,26
Iowa,Prairie City,Swamp white oak,4
Iowa,Redfield,Apple,20
Iowa,Redfield,Black maple,8
Iowa,Redfield,Black walnut,2
Iowa,Redfield,Blue spruce,2
Iowa,Redfield,Bur oak,4
Iowa,Redfield,Eastern red cedar,1
Iowa,Redfield,Eastern white pine,2
Iowa,Redfield,Green ash,15
Iowa,Redfield,Hickory,1
Iowa,Redfield,Honeylocust,7
Iowa,Redfield,Littleleaf linden,1
Iowa,Redfield,Maple,13
Iowa,Redfield,Northern hackberry,10
Iowa,Redfield,Norway maple,5
Iowa,Redfield,Pear,2
Iowa,Redfield,Red maple,6
Iowa,Redfield,Siberian elm,9
Iowa,Redfield,Silver maple,17
Iowa,Redfield,Spruce,2
Iowa,Redfield,Swamp white oak,7
Iowa,Redfield,White ash,1
Iowa,Runnells,Apple,3
Iowa,Runnells,Eastern red cedar,1
Iowa,Runnells,Green ash,12
Iowa,Runnells,Littleleaf linden,1
Iowa,Runnells,Maple,6
Iowa,Runnells,Northern red oak,1
Iowa,Runnells,Northern white cedar,2
Iowa,Runnells,Norway maple,2
Iowa,Runnells,Pin oak,2
Iowa,Runnells,Red maple,6
Iowa,Runnells,Silver maple,11
Iowa,Runnells,Spruce,6
Iowa,Runnells,Sugar maple,1
Iowa,Runnells,Swamp white oak,3
Iowa,Runnells,White ash,1
Iowa,Stuart,American basswood,10
Iowa,Stuart,American sycamore,4
Iowa,Stuart,Apple,8
Iowa,Stuart,Black walnut,11
Iowa,Stuart,Bur oak,5
Iowa,Stuart,Eastern red cedar,1
Iowa,Stuart,Green ash,94
Iowa,Stuart,Honeylocust,18
Iowa,Stuart,Littleleaf linden,6
Iowa,Stuart,Mulberry,2
Iowa,Stuart,Northern hackberry,3
Iowa,Stuart,Northern red oak,2
Iowa,Stuart,Northern white cedar,1
Iowa,Stuart,Norway maple,50
Iowa,Stuart,Pear,6
Iowa,Stuart,Pin oak,18
Iowa,Stuart,Red maple,13
Iowa,Stuart,Siberian elm,6
Iowa,Stuart,Silver maple,58
Iowa,Stuart,Spruce,1
Iowa,Stuart,Sugar maple,94
Iowa,Stuart,White ash,2
Iowa,Sully,American basswood,6
Iowa,Sully,American sycamore,4
Iowa,Sully,Apple,3
Iowa,Sully,Blue spruce,3
Iowa,Sully,Chinese elm,1
Iowa,Sully,Green ash,20
Iowa,Sully,Honeylocust,11
Iowa,Sully,Littleleaf linden,7
Iowa,Sully,Maple,2
Iowa,Sully,Northern hackberry,5
Iowa,Sully,Northern red oak,2
Iowa,Sully,Norway maple,7
Iowa,Sully,Pin oak,6
Iowa,Sully,Red maple,6
Iowa,Sully,Silver maple,21
Iowa,Sully,Spruce,15
Iowa,Sully,Sugar maple,22
Iowa,Sully,White ash,10
Iowa,Union,American basswood,1
Iowa,Union,American sycamore,2
Iowa,Union,Apple,7
Iowa,Union,Ash,13
Iowa,Union,Black maple,21
Iowa,Union,Black walnut,7
Iowa,Union,Eastern red cedar,3
Iowa,Union,Honeylocust,2
Iowa,Union,Littleleaf linden,2
Iowa,Union,Mulberry,1
Iowa,Union,Northern hackberry,4
Iowa,Union,Norway maple,19
Iowa,Union,Pin oak,2
Iowa,Union,Red maple,4
Iowa,Union,Silver maple,15
Iowa,Union,Spruce,6
Iowa,Union,Sugar maple,47
Iowa,Union,White ash,1
Iowa,Van Meter,American sycamore,8
Iowa,Van Meter,Apple,3
Iowa,Van Meter,Green ash,3
Iowa,Van Meter,Honeylocust,1
Iowa,Van Meter,Maple,2
Iowa,Van Meter,Norway maple,3
Iowa,Van Meter,Pin oak,6
Iowa,Van Meter,Siberian elm,6
Iowa,Van Meter,Silver maple,6
Iowa,Van Meter,Sugar maple,11
Iowa,Waukee,American sycamore,34
Iowa,Waukee,Apple,200
Iowa,Waukee,Ash,11
Iowa,Waukee,Black walnut,51
Iowa,Waukee,Blue spruce,3
Iowa,Waukee,Bur oak,9
Iowa,Waukee,Eastern red cedar,33
Iowa,Waukee,Eastern white pine,111
Iowa,Waukee,Green ash,218
Iowa,Waukee,Hickory,1
Iowa,Waukee,Honeylocust,103
Iowa,Waukee,Littleleaf linden,122
Iowa,Waukee,Maple,88
Iowa,Waukee,Mulberry,104
Iowa,Waukee,Northern hackberry,85
Iowa,Waukee,Northern red oak,23
Iowa,Waukee,Norway maple,40
Iowa,Waukee,Pear,26
Iowa,Waukee,Pin oak,2
Iowa,Waukee,Red maple,49
Iowa,Waukee,Siberian elm,43
Iowa,Waukee,Silver maple,35
Iowa,Waukee,Spruce,199
Iowa,Waukee,Sugar maple,27
Iowa,Waukee,White ash,72
Iowa,Windsor Heights,American sycamore,2
Iowa,Windsor Heights,Apple,25
Iowa,Windsor Heights,Ash,1
Iowa,Windsor Heights,Black maple,4
Iowa,Windsor Heights,Black walnut,2
Iowa,Windsor Heights,Blue spruce,7
Iowa,Windsor Heights,Bur oak,4
Iowa,Windsor Heights,Eastern red cedar,3
Iowa,Windsor Heights,Eastern white pine,17
Iowa,Windsor Heights,Green ash,39
Iowa,Windsor Heights,Honeylocust,22
Iowa,Windsor Heights,Littleleaf linden,1
Iowa,Windsor Heights,Maple,5
Iowa,Windsor Heights,Mulberry,3
Iowa,Windsor Heights,Northern hackberry,5
Iowa,Windsor Heights,Northern red oak,8
Iowa,Windsor Heights,Norway maple,6
Iowa,Windsor Heights,Pear,32
Iowa,Windsor Heights,Pin oak,13
Iowa,Windsor Heights,Red maple,1
Iowa,Windsor Heights,Siberian elm,5
Iowa,Windsor Heights,Silver maple,16
Iowa,Windsor Heights,Spruce,12
Iowa,Windsor Heights,Sugar maple,17
Iowa,Windsor Heights,Swamp white oak,6
Iowa,Windsor Heights,White ash,9
Iowa,Woodward,American basswood,2
Iowa,Woodward,American sycamore,6
Iowa,Woodward,Apple,26
Iowa,Woodward,Black maple,66
Iowa,Woodward,Black walnut,25
Iowa,Woodward,Blue spruce,8
Iowa,Woodward,Bur oak,1
Iowa,Woodward,Chinese elm,5
Iowa,Woodward,Eastern white pine,3
Iowa,Woodward,Green ash,49
Iowa,Woodward,Honeylocust,15
Iowa,Woodward,Littleleaf linden,12
Iowa,Woodward,Mulberry,2
Iowa,Woodward,Northern hackberry,24
Iowa,Woodward,Northern red oak,8
Iowa,Woodward,Northern white cedar,1
Iowa,Woodward,Norway maple,81
Iowa,Woodward,Pear,2
Iowa,Woodward,Red maple,5
Iowa,Woodward,Silver maple,105
Iowa,Woodward,Spruce,2
Iowa,Woodward,Sugar maple,5
Iowa,Woodward,White ash,2
New York,Buffalo,American elm,333
New York,Buffalo,Callery pear,1325
New York,Buffalo,Chokecherry,30
New York,Buffalo,Crimson king maple,1877
New York,Buffalo,Ginkgo,395
New York,Buffalo,Green ash,718
New York,Buffalo,Hedge maple,2370
New York,Buffalo,Honeylocust,1572
New York,Buffalo,Japanese tree lilac,452
New York,Buffalo,Japanese zelkova,176
New York,Buffalo,Littleleaf linden,9057
New York,Buffalo,London planetree,1328
New York,Buffalo,Northern red oak,1212
New York,Buffalo,Norway maple,9875
New York,Buffalo,Pin oak,217
New York,Buffalo,Red maple,2497
New York,Buffalo,Silver linden,23
New York,Buffalo,Silver maple,4725
New York,Buffalo,Sugar maple,637
New York,Buffalo,Swamp white oak,1258
New York,Buffalo,Sweetgum,214
New York,Buffalo,Vacant,55666
New York,New York,American elm,7975
New York,New York,American linden,13530
New York,New York,Callery pear,58931
New York,New York,Cherry,29279
New York,New York,Chinese elm,5345
New York,New York,Chokecherry,4888
New York,New York,Crimson king maple,5923
New York,New York,Eastern redbud,3801
New York,New York,Ginkgo,21024
New York,New York,Green ash,16251
New York,New York,Hedge maple,2550
New York,New York,Honeylocust,64264
New York,New York,Japanese tree lilac,4568
New York,New York,Japanese zelkova,29258
New York,New York,Leaf plum purple,6879
New York,New York,Littleleaf linden,29742
New York,New York,London planetree,87014
New York,New York,Maple,7080
New York,New York,Northern red oak,8400
New York,New York,Norway maple,34189
New York,New York,Pin oak,53185
New York,New York,Red maple,17246
New York,New York,Silver linden,7995
New York,New York,Silver maple,12277
New York,New York,Sophora,19338
New York,New York,Sugar maple,2844
New York,New York,Swamp white oak,6598
New York,New York,Sweetgum,10657
New York,Rochester,American elm,58
New York,Rochester,American linden,644
New York,Rochester,Callery pear,685
New York,Rochester,Chinese elm,166
New York,Rochester,Eastern redbud,68
New York,Rochester,Green ash,2499
New York,Rochester,Hedge maple,1497
New York,Rochester,Honeylocust,6021
New York,Rochester,Japanese zelkova,1316
New York,Rochester,London planetree,2755
New York,Rochester,Northern red oak,2178
New York,Rochester,Nrwy maple,10941
New York,Rochester,Pin oak,253
New York,Rochester,Red maple,1809
New York,Rochester,Silver linden,222
New York,Rochester,Silver maple,1013
New York,Rochester,Sugar maple,1465
New York,Rochester,Swamp white oak,195
New York,Rochester,Sweetgum,786
Other,Albuquerque,American elm,37
Other,Albuquerque,Ash,148
Other,Albuquerque,Crabapple,127
Other,Albuquerque,Eastern redbud,7
Other,Albuquerque,Ginkgo,2
Other,Albuquerque,Green ash,20
Other,Albuquerque,Japanese zelkova,2
Other,Albuquerque,Littleleaf linden,28
Other,Albuquerque,Norway maple,1
Other,Albuquerque,Pear,62
Other,Albuquerque,Plum,20
Other,Albuquerque,Silver maple,1
Other,Albuquerque,White ash,32
Other,Baltimore,American elm,1588
Other,Baltimore,Ash,12
Other,Baltimore,Callery pear,4746
Other,Baltimore,Cherry,1
Other,Baltimore,Dogwood,2
Other,Baltimore,Eastern redbud,2420
Other,Baltimore,Freeman maple,2205
Other,Baltimore,Ginkgo,1623
Other,Baltimore,Green ash,1111
Other,Baltimore,Japanese zelkova,6706
Other,Baltimore,Littleleaf linden,5933
Other,Baltimore,London planetree,6033
Other,Baltimore,Norway maple,3716
Other,Baltimore,Pin oak,2427
Other,Baltimore,Red maple,12895
Other,Baltimore,Silver maple,2664
Other,Baltimore,Sugar maple,2709
Other,Baltimore,Swamp white oak,1431
Other,Baltimore,Thornless honeylocust,3208
Other,Baltimore,White ash,2337
Other,Baltimore,Willow oak,2997
Other,Boston,American elm,11
Other,Boston,Littleleaf linden,2
Other,Boston,Norway maple,20
Other,Boston,Pear,1
Other,Boston,Pin oak,1
Other,Boston,Plum,5
Other,Boston,Red maple,150
Other,Boston,Silver maple,1
Other,Boston,Sugar maple,59
Other,Boston,White ash,19
Other,Columbus,American elm,273
Other,Columbus,Ash,1038
Other,Columbus,Callery pear,6699
Other,Columbus,Cherry,1548
Other,Columbus,Crabapple,5988
Other,Columbus,Eastern redbud,1256
Other,Columbus,Freeman maple,4802
Other,Columbus,Ginkgo,377
Other,Columbus,Green ash,7306
Other,Columbus,Littleleaf linden,3622
Other,Columbus,London planetree,3124
Other,Columbus,Norway maple,3846
Other,Columbus,Pin oak,1228
Other,Columbus,Red maple,7230
Other,Columbus,Red oak,2770
Other,Columbus,Silver maple,3156
Other,Columbus,Sugar maple,6471
Other,Columbus,Swamp white oak,2025
Other,Columbus,White ash,5893
Other,Columbus,Willow oak,166
Other,Detroit,American elm,128
Other,Detroit,Callery pear,53
Other,Detroit,Cherry,11
Other,Detroit,Crabapple,412
Other,Detroit,Dogwood,4
Other,Detroit,Eastern redbud,213
Other,Detroit,Freeman maple,6
Other,Detroit,Ginkgo,311
Other,Detroit,Green ash,1
Other,Detroit,Japanese zelkova,534
Other,Detroit,Littleleaf linden,382
Other,Detroit,London planetree,600
Other,Detroit,Norway maple,5
Other,Detroit,Red maple,997
Other,Detroit,Silver maple,5
Other,Detroit,Sugar maple,298
Other,Detroit,Swamp white oak,702
Other,Detroit,Sweetgum,180
Other,Detroit,White ash,1
Other,Detroit,Willow oak,1
Other,Durham,American elm,375
Other,Durham,Callery pear,237
Other,Durham,Cherry,206
Other,Durham,Crabapple,6
Other,Durham,Dogwood,27
Other,Durham,Eastern redbud,537
Other,Durham,Ginkgo,261
Other,Durham,Green ash,66
Other,Durham,Japanese zelkova,211
Other,Durham,Littleleaf linden,52
Other,Durham,London planetree,54
Other,Durham,Norway maple,2
Other,Durham,Pear,6
Other,Durham,Pin oak,22
Other,Durham,Plum,2
Other,Durham,Red maple,718
Other,Durham,Silver maple,26
Other,Durham,Sugar maple,145
Other,Durham,Swamp white oak,236
Other,Durham,Sweetgum,163
Other,Durham,White ash,10
Other,Durham,Willow oak,2777
Other,Grand Rapids,American elm,347
Other,Grand Rapids,Callery pear,1662
Other,Grand Rapids,Crabapple,694
Other,Grand Rapids,Eastern redbud,272
Other,Grand Rapids,Freeman maple,320
Other,Grand Rapids,Ginkgo,570
Other,Grand Rapids,Green ash,2057
Other,Grand Rapids,Japanese zelkova,541
Other,Grand Rapids,Littleleaf linden,3033
Other,Grand Rapids,Norway maple,20426
Other,Grand Rapids,Pin oak,736
Other,Grand Rapids,Plum,247
Other,Grand Rapids,Red maple,4523
Other,Grand Rapids,Silver maple,2554
Other,Grand Rapids,Sugar maple,3954
Other,Grand Rapids,Swamp white oak,492
Other,Grand Rapids,Sweetgum,517
Other,Grand Rapids,Thornless honeylocust,5758
Other,Grand Rapids,White ash,249
Other,Greensboro,American elm,3
Other,Greensboro,Ash,53
Other,Greensboro,Cherry,60
Other,Greensboro,Crabapple,16
Other,Greensboro,Dogwood,228
Other,Greensboro,Eastern redbud,8
Other,Greensboro,Freeman maple,1
Other,Greensboro,Green ash,5
Other,Greensboro,Norway maple,1
Other,Greensboro,Pear,12
Other,Greensboro,Pin oak,22
Other,Greensboro,Plum,5
Other,Greensboro,Red maple,206
Other,Greensboro,Red oak,1
Other,Greensboro,Silver maple,128
Other,Greensboro,Sugar maple,239
Other,Greensboro,Sweetgum,105
Other,Greensboro,White ash,6
Other,Greensboro,Willow oak,523
Other,Las Vegas,Eastern redbud,5
Other,Las Vegas,Southern live oak,393
Other,Louisville,American elm,463
Other,Louisville,Callery pear,387
Other,Louisville,Cherry,11
Other,Louisville,Crabapple,461
Other,Louisville,Dogwood,21
Other,Louisville,Freeman maple,14
Other,Louisville,Ginkgo,132
Other,Louisville,Green ash,1404
Other,Louisville,Japanese zelkova,80
Other,Louisville,Littleleaf linden,122
Other,Louisville,Norway maple,27
Other,Louisville,Pin oak,1678
Other,Louisville,Red maple,1538
Other,Louisville,Silver maple,535
Other,Louisville,Sugar maple,1810
Other,Louisville,Swamp white oak,730
Other,Louisville,Sweetgum,834
Other,Louisville,White ash,773
Other,Louisville,Willow oak,243
Other,Nashville,Callery pear,23
Other,Nashville,Dogwood,1
Other,Nashville,Eastern redbud,36
Other,Nashville,Ginkgo,89
Other,Nashville,Green ash,44
Other,Nashville,Japanese zelkova,166
Other,Nashville,London planetree,281
Other,Nashville,Pin oak,2
Other,Nashville,Red maple,51
Other,Nashville,Sugar maple,45
Other,Nashville,Swamp white oak,6
Other,Nashville,Sweetgum,131
Other,Nashville,White ash,24
Other,Nashville,Willow oak,154
Other,New Orleans,American elm,94
Other,New Orleans,Crape myrtle (including hybrids),30244
Other,New Orleans,Eastern redbud,248
Other,New Orleans,Freeman maple,5
Other,New Orleans,Green ash,153
Other,New Orleans,Pin oak,14
Other,New Orleans,Plum,12
Other,New Orleans,Red maple,1379
Other,New Orleans,Silver maple,13
Other,New Orleans,Southern live oak,21775
Other,New Orleans,Sugar maple,8
Other,New Orleans,Swamp white oak,17
Other,New Orleans,White ash,48
Other,New Orleans,Willow oak,554
Other,Overland Park,American elm,263
Other,Overland Park,Ash,3
Other,Overland Park,Callery pear,1357
Other,Overland Park,Crabapple,1415
Other,Overland Park,Dogwood,44
Other,Overland Park,Eastern redbud,704
Other,Overland Park,Ginkgo,136
Other,Overland Park,Green ash,1928
Other,Overland Park,Japanese zelkova,55
Other,Overland Park,Littleleaf linden,900
Other,Overland Park,London planetree,97
Other,Overland Park,Norway maple,562
Other,Overland Park,Pear,2
Other,Overland Park,Pin oak,3419
Other,Overland Park,Plum,49
Other,Overland Park,Red maple,13289
Other,Overland Park,Red oak,1
Other,Overland Park,Silver maple,1213
Other,Overland Park,Sugar maple,675
Other,Overland Park,Swamp white oak,438
Other,Overland Park,Sweetgum,1983
Other,Overland Park,White ash,7654
Other,Overland Park,Willow oak,12
Other,Phoenix,Ash,9
Other,Phoenix,Southern live oak,1
Other,Pittsburgh,American elm,799
Other,Pittsburgh,Callery pear,2969
Other,Pittsburgh,Eastern redbud,253
Other,Pittsburgh,Freeman maple,789
Other,Pittsburgh,Ginkgo,1218
Other,Pittsburgh,Green ash,248
Other,Pittsburgh,Japanese zelkova,610
Other,Pittsburgh,Littleleaf linden,2413
Other,Pittsburgh,London planetree,3238
Other,Pittsburgh,Norway maple,3715
Other,Pittsburgh,Pin oak,1672
Other,Pittsburgh,Red maple,3422
Other,Pittsburgh,Silver maple,433
Other,Pittsburgh,Sugar maple,712
Other,Pittsburgh,Swamp white oak,232
Other,Pittsburgh,Thornless honeylocust,2019
Other,Pittsburgh,White ash,229
Other,Pittsburgh,Willow oak,3
Other,Portland,Ash,9293
Other,Portland,Cherry,13683
Other,Portland,Crabapple,6779
Other,Portland,Dogwood,8667
Other,Portland,Ginkgo,2023
Other,Portland,Norway maple,19209
Other,Portland,Other maple,10635
Other,Portland,Pear,11700
Other,Portland,Plum,11449
Other,Portland,Red maple,15475
Other,Portland,Silver maple,904
Other,Portland,Sweetgum,3703
Other,Richmond,American elm,31
Other,Richmond,Callery pear,46
Other,Richmond,Crabapple,4
Other,Richmond,Eastern redbud,15
Other,Richmond,Ginkgo,41
Other,Richmond,Green ash,53
Other,Richmond,Japanese zelkova,129
Other,Richmond,Littleleaf linden,27
Other,Richmond,London planetree,22
Other,Richmond,Norway maple,19
Other,Richmond,Pin oak,133
Other,Richmond,Plum,8
Other,Richmond,Red maple,148
Other,Richmond,Silver maple,19
Other,Richmond,Sugar maple,227
Other,Richmond,Sweetgum,32
Other,Richmond,White ash,2
Other,Richmond,Willow oak,171
Other,Seattle,Ash,263
Other,Seattle,Callery pear,2540
Other,Seattle,Dogwood,1265
Other,Seattle,Freeman maple,662
Other,Seattle,Littleleaf linden,2326
Other,Seattle,Norway maple,4649
Other,Seattle,Pear,420
Other,Seattle,Pin oak,868
Other,Seattle,Red maple,5333
Other,Seattle,Red oak,2339
Other,Seattle,Southern live oak,11
Other,Seattle,Sugar maple,714
Other,Seattle,Swamp white oak,261
Other,Seattle,Sweetgum,3337
Other,Seattle,White ash,227
Other,Seattle,Willow oak,198
Other,Sioux Falls,Ash,34
Other,Sioux Falls,Ashgreen,21052
Other,Sioux Falls,Cherry,1
Other,Sioux Falls,Crabapple,929
Other,Sioux Falls,Ginkgo,171
Other,Sioux Falls,Pear,137
Other,Sioux Falls,Plum,206
Other,St. Louis,American elm,298
Other,St. Louis,Ash,1
Other,St. Louis,Callery pear,7196
Other,St. Louis,Cherry,48
Other,St. Louis,Dogwood,6
Other,St. Louis,Eastern redbud,2838
Other,St. Louis,Freeman maple,1842
Other,St. Louis,Ginkgo,1474
Other,St. Louis,Green ash,7761
Other,St. Louis,Japanese zelkova,798
Other,St. Louis,Littleleaf linden,3624
Other,St. Louis,London planetree,2248
Other,St. Louis,Norway maple,1127
Other,St. Louis,Pin oak,6498
Other,St. Louis,Red maple,8572
Other,St. Louis,Red oak,34
Other,St. Louis,Silver maple,3115
Other,St. Louis,Sugar maple,4172
Other,St. Louis,Swamp white oak,616
Other,St. Louis,Sweetgum,2140
Other,St. Louis,Thornless honeylocust,2814
Other,St. Louis,White ash,4557
Other,St. Louis,Willow oak,135
Other,Washington DC,American elm,5797
Other,Washington DC,Ash,284
Other,Washington DC,Cherry,2212
Other,Washington DC,Crabapple,1208
Other,Washington DC,Dogwood,581
Other,Washington DC,Eastern redbud,3255
Other,Washington DC,Ginkgo,1266
Other,Washington DC,Green ash,53
Other,Washington DC,Japanese zelkova,5448
Other,Washington DC,Littleleaf linden,2583
Other,Washington DC,Norway maple,3376
Other,Washington DC,Pin oak,8815
Other,Washington DC,Red maple,12543
Other,Washington DC,Red oak,5864
Other,Washington DC,Silver maple,1133
Other,Washington DC,Sugar maple,5380
Other,Washington DC,Swamp white oak,3355
Other,Washington DC,Sweetgum,1633
Other,Washington DC,Thornless honeylocust,579
Other,Washington DC,Willow oak,10006
Texas,Austin,American elm,232
Texas,Austin,American sycamore,31
Texas,Austin,Arizona ash,2
Texas,Austin,Bald cypress,164
Texas,Austin,Bradford pear,28
Texas,Austin,Cedar elm,831
Texas,Austin,Chinaberry,53
Texas,Austin,Chinese elm,107
Texas,Austin,Chinese pistache,23
Texas,Austin,Chinese tallow,25
Texas,Austin,Eastern red cedar,2
Texas,Austin,Pecan,916
Texas,Austin,Post oak,14
Texas,Austin,Red oak,2
Texas,Austin,Shumard oak,485
Texas,Austin,Southern magnolia,6
Texas,Dallas,American elm,8
Texas,Dallas,Cedar elm,844
Texas,Dallas,Chinese elm,290
Texas,Dallas,Chinese pistache,427
Texas,Dallas,Eastern red cedar,1
Texas,Dallas,Green ash,17
Texas,Dallas,Live oak,1238
Texas,Dallas,Loblolly pine,56
Texas,Dallas,Pecan,11
Texas,Dallas,Post oak,40
Texas,Dallas,Shumard oak,761
Texas,Dallas,Southern magnolia,159
Texas,Dallas,Sweetgum,287
Texas,Houston,American elm,3582
Texas,Houston,American sycamore,2811
Texas,Houston,Arizona ash,3784
Texas,Houston,Bald cypress,3246
Texas,Houston,Bradford pear,2379
Texas,Houston,Burr oak,1634
Texas,Houston,Cedar elm,1670
Texas,Houston,Cherry laurel,1144
Texas,Houston,Chinaberry,1159
Texas,Houston,Chinese elm,2191
Texas,Houston,Chinese pistache,619
Texas,Houston,Chinese tallow,9557
Texas,Houston,Common hackberry,13010
Texas,Houston,Crape myrtle,44320
Texas,Houston,Eastern red cedar,1245
Texas,Houston,Green ash,1154
Texas,Houston,Live oak,44059
Texas,Houston,Loblolly pine,8891
Texas,Houston,Palm,5466
Texas,Houston,Pecan,6128
Texas,Houston,Post oak,1085
Texas,Houston,Red oak,1460
Texas,Houston,Redbud,1881
Texas,Houston,Shumard oak,2452
Texas,Houston,Southern magnolia,4289
Texas,Houston,Sweetgum,1352
Texas,Houston,Water oak,10783
Texas,Houston,Willow oak,1945
Texas,Plano,American elm,660
Texas,Plano,Ash,1208
Texas,Plano,Bald cypress,1598
Texas,Plano,Bradford pear,815
Texas,Plano,Cedar elm,3641
Texas,Plano,Cherry laurel,1
Texas,Plano,Chinaberry,46
Texas,Plano,Chinese pistache,822
Texas,Plano,Common hackberry,3279
Texas,Plano,Indico crape myrtle,2779
Texas,Plano,Live oak,1906
Texas,Plano,Pecan,1246
Texas,Plano,Red oak,2598
Texas,Plano,Redbud,14
Texas,Plano,Southern magnolia,46
Texas,Plano,Sweetgum,143
Wisconsin,Brown Deer,American (basswood) linden,49
Wisconsin,Brown Deer,Bur oak,3
Wisconsin,Brown Deer,Common hackberry,59
Wisconsin,Brown Deer,Crabapple,18
Wisconsin,Brown Deer,Green ash,122
Wisconsin,Brown Deer,Hawthorn,15
Wisconsin,Brown Deer,Honeylocust,31
Wisconsin,Brown Deer,Littleleaf linden,1
Wisconsin,Brown Deer,Norway maple,22
Wisconsin,Brown Deer,Red oak,84
Wisconsin,Brown Deer,Silver maple,12
Wisconsin,Brown Deer,Sugar maple,90
Wisconsin,Brown Deer,White ash,1
Wisconsin,Brown Deer,White oak,1
Wisconsin,Cedarburg,American (basswood) linden,1
Wisconsin,Cudahy,American (basswood) linden,41
Wisconsin,Cudahy,Black walnut,8
Wisconsin,Cudahy,Bur oak,5
Wisconsin,Cudahy,Common hackberry,7
Wisconsin,Cudahy,Crabapple,10
Wisconsin,Cudahy,Freeman maple,1
Wisconsin,Cudahy,Green ash,32
Wisconsin,Cudahy,Hawthorn,10
Wisconsin,Cudahy,Honeylocust,63
Wisconsin,Cudahy,Japanese tree lilac,11
Wisconsin,Cudahy,Kentucky coffeetree,2
Wisconsin,Cudahy,Littleleaf linden,2
Wisconsin,Cudahy,Norway maple,22
Wisconsin,Cudahy,Red oak,18
Wisconsin,Cudahy,Silver maple,36
Wisconsin,Cudahy,Sugar maple,33
Wisconsin,Cudahy,White ash,22
Wisconsin,Cudahy,White oak,9
Wisconsin,Fox Point,American (basswood) linden,9
Wisconsin,Fox Point,Black walnut,1
Wisconsin,Fox Point,Common hackberry,5
Wisconsin,Fox Point,Crabapple,2
Wisconsin,Fox Point,European ash,1
Wisconsin,Fox Point,Green ash,19
Wisconsin,Fox Point,Hawthorn,4
Wisconsin,Fox Point,Norway maple,3
Wisconsin,Fox Point,Red oak,11
Wisconsin,Fox Point,Silver maple,7
Wisconsin,Fox Point,Sugar maple,1
Wisconsin,Fox Point,White ash,10
Wisconsin,Franklin,American (basswood) linden,11
Wisconsin,Franklin,Amur maple,8
Wisconsin,Franklin,Black walnut,22
Wisconsin,Franklin,Blue spruce,4
Wisconsin,Franklin,Bur oak,5
Wisconsin,Franklin,Common hackberry,6
Wisconsin,Franklin,Crabapple,24
Wisconsin,Franklin,Elm,5
Wisconsin,Franklin,Freeman maple,1
Wisconsin,Franklin,Green ash,13
Wisconsin,Franklin,Hawthorn,6
Wisconsin,Franklin,Honeylocust,27
Wisconsin,Franklin,Kentucky coffeetree,2
Wisconsin,Franklin,Norway maple,8
Wisconsin,Franklin,Red oak,57
Wisconsin,Franklin,Silver maple,5
Wisconsin,Franklin,Sugar maple,23
Wisconsin,Franklin,White ash,23
Wisconsin,Franklin,White oak,3
Wisconsin,Glendale,American (basswood) linden,28
Wisconsin,Glendale,Black walnut,77
Wisconsin,Glendale,Blue spruce,7
Wisconsin,Glendale,Bur oak,12
Wisconsin,Glendale,Common hackberry,83
Wisconsin,Glendale,Crabapple,49
Wisconsin,Glendale,Elm,2
Wisconsin,Glendale,European ash,1
Wisconsin,Glendale,Freeman maple,4
Wisconsin,Glendale,Green ash,442
Wisconsin,Glendale,Hawthorn,29
Wisconsin,Glendale,Honeylocust,49
Wisconsin,Glendale,Japanese tree lilac,4
Wisconsin,Glendale,Kentucky coffeetree,2
Wisconsin,Glendale,Littleleaf linden,19
Wisconsin,Glendale,Norway maple,175
Wisconsin,Glendale,Pear,6
Wisconsin,Glendale,Red oak,116
Wisconsin,Glendale,Silver maple,111
Wisconsin,Glendale,Sugar maple,186
Wisconsin,Glendale,White ash,57
Wisconsin,Glendale,White oak,3
Wisconsin,Greendale,American (basswood) linden,14
Wisconsin,Greendale,Black walnut,6
Wisconsin,Greendale,Blue spruce,1
Wisconsin,Greendale,Bur oak,10
Wisconsin,Greendale,Common hackberry,27
Wisconsin,Greendale,Crabapple,14
Wisconsin,Greendale,Elm,2
Wisconsin,Greendale,Freeman maple,1
Wisconsin,Greendale,Green ash,31
Wisconsin,Greendale,Hawthorn,10
Wisconsin,Greendale,Honeylocust,8
Wisconsin,Greendale,Kentucky coffeetree,4
Wisconsin,Greendale,Littleleaf linden,6
Wisconsin,Greendale,Norway maple,4
Wisconsin,Greendale,Red oak,12
Wisconsin,Greendale,Silver maple,2
Wisconsin,Greendale,Sugar maple,12
Wisconsin,Greendale,White ash,8
Wisconsin,Greenfield,American (basswood) linden,17
Wisconsin,Greenfield,Amur maple,2
Wisconsin,Greenfield,Black walnut,7
Wisconsin,Greenfield,Blue spruce,2
Wisconsin,Greenfield,Bur oak,2
Wisconsin,Greenfield,Common hackberry,18
Wisconsin,Greenfield,Crabapple,18
Wisconsin,Greenfield,Elm,2
Wisconsin,Greenfield,Freeman maple,6
Wisconsin,Greenfield,Green ash,26
Wisconsin,Greenfield,Hawthorn,18
Wisconsin,Greenfield,Honeylocust,22
Wisconsin,Greenfield,Kentucky coffeetree,1
Wisconsin,Greenfield,Littleleaf linden,8
Wisconsin,Greenfield,Norway maple,25
Wisconsin,Greenfield,Red oak,26
Wisconsin,Greenfield,Sugar maple,61
Wisconsin,Greenfield,White ash,11
Wisconsin,Greenfield,White oak,25
Wisconsin,Hales Corners,American (basswood) linden,9
Wisconsin,Hales Corners,Black walnut,29
Wisconsin,Hales Corners,Bur oak,9
Wisconsin,Hales Corners,Common hackberry,21
Wisconsin,Hales Corners,Crabapple,20
Wisconsin,Hales Corners,Elm,6
Wisconsin,Hales Corners,European ash,1
Wisconsin,Hales Corners,Freeman maple,6
Wisconsin,Hales Corners,Green ash,43
Wisconsin,Hales Corners,Hawthorn,16
Wisconsin,Hales Corners,Honeylocust,35
Wisconsin,Hales Corners,Japanese tree lilac,4
Wisconsin,Hales Corners,Kentucky coffeetree,4
Wisconsin,Hales Corners,Littleleaf linden,7
Wisconsin,Hales Corners,Norway maple,24
Wisconsin,Hales Corners,Pear,2
Wisconsin,Hales Corners,Red oak,17
Wisconsin,Hales Corners,Silver maple,4
Wisconsin,Hales Corners,Sugar maple,43
Wisconsin,Hales Corners,White ash,16
Wisconsin,Hales Corners,White oak,6
Wisconsin,Madison,American basswood,2931
Wisconsin,Madison,Amur maple,605
Wisconsin,Madison,Black walnut,324
Wisconsin,Madison,Bur oak,355
Wisconsin,Madison,Crab apple,1891
Wisconsin,Madison,Crabapple,643
Wisconsin,Madison,Elm,1804
Wisconsin,Madison,Elm (hybrid),1478
Wisconsin,Madison,European ash,755
Wisconsin,Madison,Freeman maple,2236
Wisconsin,Madison,Green ash,17377
Wisconsin,Madison,Hackberry,2667
Wisconsin,Madison,Hawthorn,217
Wisconsin,Madison,Honeylocust,3390
Wisconsin,Madison,Honeylocust var.,9919
Wisconsin,Madison,Japanese tree lilac,1779
Wisconsin,Madison,Kentucky coffeetree,788
Wisconsin,Madison,Linden,4969
Wisconsin,Madison,Littleleaf linden,3894
Wisconsin,Madison,Miyabei maple,847
Wisconsin,Madison,Norway maple,20918
Wisconsin,Madison,Pear,778
Wisconsin,Madison,Red oak,349
Wisconsin,Madison,Silver maple,1677
Wisconsin,Madison,Sugar maple,1893
Wisconsin,Madison,White ash,2977
Wisconsin,Madison,White oak,414
Wisconsin,Milwaukee,American (basswood) linden,424
Wisconsin,Milwaukee,Amur maple,29
Wisconsin,Milwaukee,Black walnut,190
Wisconsin,Milwaukee,Blue spruce,19
Wisconsin,Milwaukee,Bur oak,239
Wisconsin,Milwaukee,Common hackberry,700
Wisconsin,Milwaukee,Crabapple,396
Wisconsin,Milwaukee,Elm,61
Wisconsin,Milwaukee,European ash,21
Wisconsin,Milwaukee,Freeman maple,57
Wisconsin,Milwaukee,Green ash,1356
Wisconsin,Milwaukee,Hawthorn,584
Wisconsin,Milwaukee,Honeylocust,1411
Wisconsin,Milwaukee,Japanese tree lilac,84
Wisconsin,Milwaukee,Kentucky coffeetree,46
Wisconsin,Milwaukee,Littleleaf linden,267
Wisconsin,Milwaukee,Norway maple,912
Wisconsin,Milwaukee,Pear,22
Wisconsin,Milwaukee,Red oak,635
Wisconsin,Milwaukee,Silver maple,321
Wisconsin,Milwaukee,Sugar maple,840
Wisconsin,Milwaukee,White ash,454
Wisconsin,Milwaukee,White oak,199
Wisconsin,Muskego,Amur maple,1
Wisconsin,New Berlin,American (basswood) linden,238
Wisconsin,New Berlin,Amur maple,56
Wisconsin,New Berlin,Black walnut,81
Wisconsin,New Berlin,Blue spruce,613
Wisconsin,New Berlin,Bur oak,62
Wisconsin,New Berlin,Common hackberry,69
Wisconsin,New Berlin,Crabapple,269
Wisconsin,New Berlin,Elm,181
Wisconsin,New Berlin,Freeman maple,130
Wisconsin,New Berlin,Green ash,639
Wisconsin,New Berlin,Hawthorn,67
Wisconsin,New Berlin,Honeylocust,285
Wisconsin,New Berlin,Japanese tree lilac,76
Wisconsin,New Berlin,Linden,32
Wisconsin,New Berlin,Littleleaf linden,118
Wisconsin,New Berlin,Norway maple,478
Wisconsin,New Berlin,Pear,107
Wisconsin,New Berlin,Red oak,118
Wisconsin,New Berlin,Silver maple,158
Wisconsin,New Berlin,Sugar maple,95
Wisconsin,New Berlin,White ash,300
Wisconsin,New Berlin,White oak,170
Wisconsin,Oak Creek,American (basswood) linden,5
Wisconsin,Oak Creek,Black walnut,2
Wisconsin,Oak Creek,Blue spruce,1
Wisconsin,Oak Creek,Bur oak,1
Wisconsin,Oak Creek,Common hackberry,8
Wisconsin,Oak Creek,Crabapple,25
Wisconsin,Oak Creek,Elm,2
Wisconsin,Oak Creek,Freeman maple,4
Wisconsin,Oak Creek,Green ash,7
Wisconsin,Oak Creek,Hawthorn,1
Wisconsin,Oak Creek,Honeylocust,13
Wisconsin,Oak Creek,Japanese tree lilac,8
Wisconsin,Oak Creek,Kentucky coffeetree,4
Wisconsin,Oak Creek,Littleleaf linden,6
Wisconsin,Oak Creek,Norway maple,7
Wisconsin,Oak Creek,Red oak,37
Wisconsin,Oak Creek,Sugar maple,9
Wisconsin,Oak Creek,White oak,9
Wisconsin,Shorewood,American (basswood) linden,1
Wisconsin,Shorewood,Black walnut,14
Wisconsin,Shorewood,Blue spruce,1
Wisconsin,Shorewood,Bur oak,1
Wisconsin,Shorewood,Common hackberry,1
Wisconsin,Shorewood,Crabapple,11
Wisconsin,Shorewood,Green ash,3
Wisconsin,Shorewood,Hawthorn,16
Wisconsin,Shorewood,Kentucky coffeetree,7
Wisconsin,Shorewood,Norway maple,9
Wisconsin,Shorewood,Red oak,3
Wisconsin,Shorewood,Silver maple,1
Wisconsin,Shorewood,Sugar maple,8
Wisconsin,Shorewood,White ash,3
Wisconsin,Shorewood,White oak,3
Wisconsin,South Milwaukee,American (basswood) linden,4
Wisconsin,South Milwaukee,Black walnut,5
Wisconsin,South Milwaukee,Bur oak,1
Wisconsin,South Milwaukee,Common hackberry,31
Wisconsin,South Milwaukee,Crabapple,19
Wisconsin,South Milwaukee,Elm,22
Wisconsin,South Milwaukee,Green ash,19
Wisconsin,South Milwaukee,Hawthorn,11
Wisconsin,South Milwaukee,Honeylocust,28
Wisconsin,South Milwaukee,Kentucky coffeetree,2
Wisconsin,South Milwaukee,Norway maple,19
Wisconsin,South Milwaukee,Red oak,28
Wisconsin,South Milwaukee,Silver maple,2
Wisconsin,South Milwaukee,Sugar maple,54
Wisconsin,South Milwaukee,White ash,45
Wisconsin,South Milwaukee,White oak,6
Wisconsin,Watertown,American (basswood) linden,180
Wisconsin,Watertown,Amur maple,65
Wisconsin,Watertown,Black walnut,43
Wisconsin,Watertown,Blue spruce,96
Wisconsin,Watertown,Bur oak,49
Wisconsin,Watertown,Crabapple,354
Wisconsin,Watertown,Freeman maple,204
Wisconsin,Watertown,Green ash,259
Wisconsin,Watertown,Hackberry,89
Wisconsin,Watertown,Hawthorn,46
Wisconsin,Watertown,Honeylocust,385
Wisconsin,Watertown,Japanese tree lilac,285
Wisconsin,Watertown,Kentucky coffeetree,64
Wisconsin,Watertown,Littleleaf linden,401
Wisconsin,Watertown,Norway maple,976
Wisconsin,Watertown,Red oak,89
Wisconsin,Watertown,Silver maple,244
Wisconsin,Watertown,Sugar maple,144
Wisconsin,Watertown,White ash,337
Wisconsin,Watertown,White oak,44
Wisconsin,Wauwatosa,American (basswood) linden,44
Wisconsin,Wauwatosa,Amur maple,7
Wisconsin,Wauwatosa,Black walnut,26
Wisconsin,Wauwatosa,Blue spruce,24
Wisconsin,Wauwatosa,Bur oak,37
Wisconsin,Wauwatosa,Common hackberry,100
Wisconsin,Wauwatosa,Crabapple,63
Wisconsin,Wauwatosa,Elm,13
Wisconsin,Wauwatosa,Freeman maple,16
Wisconsin,Wauwatosa,Green ash,265
Wisconsin,Wauwatosa,Hawthorn,74
Wisconsin,Wauwatosa,Honeylocust,157
Wisconsin,Wauwatosa,Japanese tree lilac,5
Wisconsin,Wauwatosa,Kentucky coffeetree,11
Wisconsin,Wauwatosa,Littleleaf linden,20
Wisconsin,Wauwatosa,Norway maple,171
Wisconsin,Wauwatosa,Red oak,151
Wisconsin,Wauwatosa,Silver maple,16
Wisconsin,Wauwatosa,Sugar maple,186
Wisconsin,Wauwatosa,White ash,89
Wisconsin,Wauwatosa,White oak,38
Wisconsin,West Allis,American (basswood) linden,42
Wisconsin,West Allis,Amur maple,4
Wisconsin,West Allis,Black walnut,61
Wisconsin,West Allis,Blue spruce,1
Wisconsin,West Allis,Bur oak,4
Wisconsin,West Allis,Common hackberry,348
Wisconsin,West Allis,Crabapple,87
Wisconsin,West Allis,Elm,3
Wisconsin,West Allis,Freeman maple,1
Wisconsin,West Allis,Green ash,144
Wisconsin,West Allis,Hawthorn,68
Wisconsin,West Allis,Honeylocust,238
Wisconsin,West Allis,Japanese tree lilac,1
Wisconsin,West Allis,Kentucky coffeetree,4
Wisconsin,West Allis,Littleleaf linden,6
Wisconsin,West Allis,Norway maple,43
Wisconsin,West Allis,Red oak,41
Wisconsin,West Allis,Silver maple,13
Wisconsin,West Allis,Sugar maple,70
Wisconsin,West Allis,White ash,33
Wisconsin,West Allis,White oak,30
Wisconsin,West Milwaukee,American (basswood) linden,1
Wisconsin,West Milwaukee,Black walnut,8
Wisconsin,West Milwaukee,Common hackberry,4
Wisconsin,West Milwaukee,Elm,2
Wisconsin,West Milwaukee,Freeman maple,1
Wisconsin,West Milwaukee,Hawthorn,19
Wisconsin,West Milwaukee,Honeylocust,16
Wisconsin,West Milwaukee,Norway maple,5
Wisconsin,West Milwaukee,Red oak,9
Wisconsin,West Milwaukee,Silver maple,1
Wisconsin,West Milwaukee,Sugar maple,22
Wisconsin,Whitefish Bay,American (basswood) linden,4
Wisconsin,Whitefish Bay,Crabapple,4
Wisconsin,Whitefish Bay,Green ash,5
Wisconsin,Whitefish Bay,Hawthorn,1
Wisconsin,Whitefish Bay,Honeylocust,10
Wisconsin,Whitefish Bay,Norway maple,2
Wisconsin,Whitefish Bay,Red oak,7
Wisconsin,Whitefish Bay,Sugar maple,1
Wisconsin,Whitefish Bay,White ash,3
